[
{
  "model": "sessions.session",
  "pk": "eco3r4xz15480wkk7asuax2k7u98zryh",
  "fields": {
    "session_data": "YWY5MTU2NDIwNWM3Y2FlYmE4MTE1MTRjOTc0Njk1YjIxYjljODBhNTp7Il9hdXRoX3VzZXJfaWQiOiIxIiwiX2F1dGhfdXNlcl9iYWNrZW5kIjoiZGphbmdvLmNvbnRyaWIuYXV0aC5iYWNrZW5kcy5Nb2RlbEJhY2tlbmQiLCJfYXV0aF91c2VyX2hhc2giOiJiMDg0OGQ2MzYzMWE2Mzc5YTQ4MTk0ZmUzMGI2ZDk3NTQxY2JjYzc5In0=",
    "expire_date": "2020-06-28T10:36:50.111Z"
  }
},
{
  "model": "users.customuser",
  "pk": 1,
  "fields": {
    "password": "pbkdf2_sha256$180000$8JDYFu0LUgUk$WQQChmTxuQeb27k7yJElZA9uWlQryTXb7HH5qtHaXqQ=",
    "last_login": "2020-06-14T10:36:50.001Z",
    "is_superuser": true,
    "username": "manolo",
    "first_name": "",
    "last_name": "",
    "is_staff": true,
    "is_active": true,
    "date_joined": "2020-06-13T01:07:31.510Z",
    "email": "manuelcaucelo@gmail.com",
    "groups": [],
    "user_permissions": []
  }
},
{
  "model": "users.customuser",
  "pk": 4,
  "fields": {
    "password": "pbkdf2_sha256$180000$0ALcijzW87QV$IO3S54xU2jQcvIurAodJ7xAvICQhpgfo4b5SQgrCn9s=",
    "last_login": null,
    "is_superuser": false,
    "username": "test2",
    "first_name": "",
    "last_name": "",
    "is_staff": false,
    "is_active": true,
    "date_joined": "2020-06-14T10:17:13Z",
    "email": "test2@test.com",
    "groups": [],
    "user_permissions": []
  }
},
{
  "model": "users.customuser",
  "pk": 5,
  "fields": {
    "password": "pbkdf2_sha256$180000$SQkNeA8bkUp3$YFY/JBVE8spx2UsvYTAZ7BvlAN3cjLNDOWZiC6F2Hho=",
    "last_login": null,
    "is_superuser": false,
    "username": "test1",
    "first_name": "",
    "last_name": "",
    "is_staff": false,
    "is_active": true,
    "date_joined": "2020-06-14T10:23:50.400Z",
    "email": "test1@test.com",
    "groups": [],
    "user_permissions": []
  }
},
{
  "model": "users.customuser",
  "pk": 6,
  "fields": {
    "password": "pbkdf2_sha256$180000$1DxGIxOpsynX$vVJeKVsu3TC8LrgYqOJi/InnJgol8afjea1V+/UV4DQ=",
    "last_login": null,
    "is_superuser": false,
    "username": "test3",
    "first_name": "",
    "last_name": "",
    "is_staff": false,
    "is_active": true,
    "date_joined": "2020-06-14T10:23:57.205Z",
    "email": "test3@test.com",
    "groups": [],
    "user_permissions": []
  }
},
{
  "model": "users.customuser",
  "pk": 7,
  "fields": {
    "password": "pbkdf2_sha256$180000$B6zoI1YFxhN8$j/4sK38uU1TnS1vEGY+yxKtY1RxUPctvlGDkdDg32eE=",
    "last_login": null,
    "is_superuser": false,
    "username": "test4",
    "first_name": "",
    "last_name": "",
    "is_staff": false,
    "is_active": true,
    "date_joined": "2020-06-14T10:24:03.225Z",
    "email": "test4@test.com",
    "groups": [],
    "user_permissions": []
  }
},
{
  "model": "users.customuser",
  "pk": 8,
  "fields": {
    "password": "pbkdf2_sha256$180000$YD5UqAbUboOG$ZxCWoodhk2Up0TXl10qTGoGjUyRs7n8jJosDtbiQEaE=",
    "last_login": null,
    "is_superuser": false,
    "username": "test5",
    "first_name": "",
    "last_name": "",
    "is_staff": false,
    "is_active": true,
    "date_joined": "2020-06-14T10:24:09.188Z",
    "email": "test5@test.com",
    "groups": [],
    "user_permissions": []
  }
},
{
  "model": "users.customuser",
  "pk": 9,
  "fields": {
    "password": "pbkdf2_sha256$180000$fOmP05CltZab$Db3aiTkAEVzN/Nip2sQfiW6YlSpeQHiQfye4NcIjDyU=",
    "last_login": null,
    "is_superuser": false,
    "username": "test6",
    "first_name": "",
    "last_name": "",
    "is_staff": false,
    "is_active": true,
    "date_joined": "2020-06-14T10:24:14.605Z",
    "email": "test6@test.com",
    "groups": [],
    "user_permissions": []
  }
},
{
  "model": "users.customuser",
  "pk": 10,
  "fields": {
    "password": "pbkdf2_sha256$180000$MrvjFZt73ejx$cV9ejHstxdiuJ554XJ1KBg1Yzs1nbx5zcRlcbi5eqNo=",
    "last_login": null,
    "is_superuser": false,
    "username": "test7",
    "first_name": "",
    "last_name": "",
    "is_staff": false,
    "is_active": true,
    "date_joined": "2020-06-14T10:24:20.224Z",
    "email": "test7@test.com",
    "groups": [],
    "user_permissions": []
  }
},
{
  "model": "users.customuser",
  "pk": 11,
  "fields": {
    "password": "pbkdf2_sha256$180000$7DXVqSE0oibx$Nf/aoNX+n8/uxagJsPTC5+lgIZ3mNv6QyUqiNeMnMGQ=",
    "last_login": null,
    "is_superuser": false,
    "username": "test8",
    "first_name": "",
    "last_name": "",
    "is_staff": false,
    "is_active": true,
    "date_joined": "2020-06-14T10:24:26.826Z",
    "email": "test8@test.com",
    "groups": [],
    "user_permissions": []
  }
},
{
  "model": "users.customuser",
  "pk": 12,
  "fields": {
    "password": "pbkdf2_sha256$180000$bvEb0xt5mFP6$fpD6nEflqbKBKs5/Zm7TCWgvE6JahXBXbUXDNzT1BYE=",
    "last_login": null,
    "is_superuser": false,
    "username": "test9",
    "first_name": "",
    "last_name": "",
    "is_staff": false,
    "is_active": true,
    "date_joined": "2020-06-14T10:24:32.511Z",
    "email": "test9@test.com",
    "groups": [],
    "user_permissions": []
  }
},
{
  "model": "users.customuser",
  "pk": 13,
  "fields": {
    "password": "pbkdf2_sha256$180000$TRPD9oiu1ee0$ja09q8fpyDX0j2XBTUOjk+52KV2fFy/Sjje85LK94sI=",
    "last_login": null,
    "is_superuser": false,
    "username": "test10",
    "first_name": "",
    "last_name": "",
    "is_staff": false,
    "is_active": true,
    "date_joined": "2020-06-14T10:24:40.007Z",
    "email": "test10@test.com",
    "groups": [],
    "user_permissions": []
  }
},
{
  "model": "users.customuser",
  "pk": 14,
  "fields": {
    "password": "pbkdf2_sha256$180000$pju2HLVNTJWW$gBnGlhwSY5LQ25eMSOfeyVTKgN1xjSaB72D/VEK5kP0=",
    "last_login": null,
    "is_superuser": false,
    "username": "test11",
    "first_name": "",
    "last_name": "",
    "is_staff": false,
    "is_active": true,
    "date_joined": "2020-06-14T10:57:19.862Z",
    "email": "test11@test.com",
    "groups": [],
    "user_permissions": []
  }
},
{
  "model": "users.customuser",
  "pk": 15,
  "fields": {
    "password": "pbkdf2_sha256$180000$RsRfbxuxE0wC$fmNASUHmjBURCMgrUtsZ2vFssizotPZ6ycf526UL17M=",
    "last_login": null,
    "is_superuser": false,
    "username": "test12",
    "first_name": "",
    "last_name": "",
    "is_staff": false,
    "is_active": true,
    "date_joined": "2020-06-14T11:14:42.128Z",
    "email": "test12@test.com",
    "groups": [],
    "user_permissions": []
  }
},
{
  "model": "following.following",
  "pk": 1,
  "fields": {
    "followed": 4,
    "follower": 1,
    "status": 1,
    "created": "2020-06-14T10:32:15.943Z"
  }
},
{
  "model": "following.following",
  "pk": 3,
  "fields": {
    "followed": 6,
    "follower": 1,
    "status": 2,
    "created": "2020-06-14T10:32:31.872Z"
  }
},
{
  "model": "following.following",
  "pk": 4,
  "fields": {
    "followed": 7,
    "follower": 1,
    "status": 2,
    "created": "2020-06-14T10:32:36.157Z"
  }
},
{
  "model": "following.following",
  "pk": 5,
  "fields": {
    "followed": 8,
    "follower": 1,
    "status": 2,
    "created": "2020-06-14T10:32:41.090Z"
  }
},
{
  "model": "following.following",
  "pk": 6,
  "fields": {
    "followed": 9,
    "follower": 1,
    "status": 1,
    "created": "2020-06-14T10:32:47.106Z"
  }
},
{
  "model": "following.following",
  "pk": 8,
  "fields": {
    "followed": 1,
    "follower": 11,
    "status": 1,
    "created": "2020-06-14T11:20:10.768Z"
  }
},
{
  "model": "following.following",
  "pk": 9,
  "fields": {
    "followed": 1,
    "follower": 12,
    "status": 2,
    "created": "2020-06-14T11:20:20.826Z"
  }
},
{
  "model": "following.following",
  "pk": 10,
  "fields": {
    "followed": 1,
    "follower": 13,
    "status": 3,
    "created": "2020-06-14T11:20:28.020Z"
  }
},
{
  "model": "following.following",
  "pk": 11,
  "fields": {
    "followed": 1,
    "follower": 14,
    "status": 2,
    "created": "2020-06-14T11:20:36.910Z"
  }
},
{
  "model": "following.following",
  "pk": 12,
  "fields": {
    "followed": 1,
    "follower": 15,
    "status": 3,
    "created": "2020-06-14T11:20:44.262Z"
  }
},
{
  "model": "ideas.idea",
  "pk": 1,
  "fields": {
    "idea": "This is the first idea",
    "user": 1,
    "status": 1,
    "created": "2020-06-13T01:26:16.706Z"
  }
},
{
  "model": "ideas.idea",
  "pk": 2,
  "fields": {
    "idea": "This is the second idea",
    "user": 1,
    "status": 2,
    "created": "2020-06-13T01:27:11.343Z"
  }
},
{
  "model": "ideas.idea",
  "pk": 3,
  "fields": {
    "idea": "This is the third idea",
    "user": 1,
    "status": 3,
    "created": "2020-06-13T01:27:19.426Z"
  }
},
{
  "model": "ideas.idea",
  "pk": 5,
  "fields": {
    "idea": "This is the fourth idea",
    "user": 6,
    "status": 3,
    "created": "2020-06-14T11:31:09.071Z"
  }
},
{
  "model": "ideas.idea",
  "pk": 6,
  "fields": {
    "idea": "This is the fith idea",
    "user": 6,
    "status": 2,
    "created": "2020-06-14T11:31:28.064Z"
  }
},
{
  "model": "ideas.idea",
  "pk": 7,
  "fields": {
    "idea": "This is the sith idea",
    "user": 7,
    "status": 1,
    "created": "2020-06-14T11:31:47.908Z"
  }
},
{
  "model": "ideas.idea",
  "pk": 8,
  "fields": {
    "idea": "This is the last idea",
    "user": 9,
    "status": 1,
    "created": "2020-06-14T11:31:58.929Z"
  }
},
{
  "model": "refresh_token.refreshtoken",
  "pk": 1,
  "fields": {
    "user": 1,
    "token": "41dde003ffd339f6595989b76579007d8ca62d7d",
    "created": "2020-06-13T01:13:04.276Z",
    "revoked": null
  }
},
{
  "model": "refresh_token.refreshtoken",
  "pk": 2,
  "fields": {
    "user": 1,
    "token": "812aa3b7aabf663e899aa35c201deaccfea0b8ad",
    "created": "2020-06-13T01:13:32.903Z",
    "revoked": null
  }
},
{
  "model": "refresh_token.refreshtoken",
  "pk": 3,
  "fields": {
    "user": 1,
    "token": "952ca2dc664f4e84a2b66022e878f9e58b9c1655",
    "created": "2020-06-13T01:13:47.881Z",
    "revoked": null
  }
},
{
  "model": "refresh_token.refreshtoken",
  "pk": 4,
  "fields": {
    "user": 1,
    "token": "50b4b0be095384a6b00d053a479a63362c474ca6",
    "created": "2020-06-13T01:15:29.650Z",
    "revoked": null
  }
},
{
  "model": "refresh_token.refreshtoken",
  "pk": 5,
  "fields": {
    "user": 1,
    "token": "f70931231271356da7d63b70cabbbf93087b403a",
    "created": "2020-06-13T01:18:27.441Z",
    "revoked": null
  }
},
{
  "model": "refresh_token.refreshtoken",
  "pk": 6,
  "fields": {
    "user": 1,
    "token": "49fa8493bc0d286ab55a2eb55cc29cdd2f432b68",
    "created": "2020-06-13T01:24:31.448Z",
    "revoked": null
  }
},
{
  "model": "refresh_token.refreshtoken",
  "pk": 7,
  "fields": {
    "user": 1,
    "token": "1d460d2273fccfd0e5f12baac06b379bbe34b39b",
    "created": "2020-06-13T01:24:40.277Z",
    "revoked": null
  }
},
{
  "model": "refresh_token.refreshtoken",
  "pk": 8,
  "fields": {
    "user": 1,
    "token": "0d6f8bd8d1231b06b5cb28b737f48f7f85df8393",
    "created": "2020-06-13T01:26:12.802Z",
    "revoked": null
  }
},
{
  "model": "refresh_token.refreshtoken",
  "pk": 9,
  "fields": {
    "user": 1,
    "token": "ca2c333ac8f6cee58771e5d9390527e237fc49ea",
    "created": "2020-06-13T01:26:16.264Z",
    "revoked": null
  }
},
{
  "model": "refresh_token.refreshtoken",
  "pk": 10,
  "fields": {
    "user": 1,
    "token": "a1a3779271a9bea61455967e346e128f3a6e0442",
    "created": "2020-06-13T01:27:11.043Z",
    "revoked": null
  }
},
{
  "model": "refresh_token.refreshtoken",
  "pk": 11,
  "fields": {
    "user": 1,
    "token": "ff15f8aa1e0ce9f641e1405630c0e81cc756e3a0",
    "created": "2020-06-13T01:27:19.159Z",
    "revoked": null
  }
},
{
  "model": "refresh_token.refreshtoken",
  "pk": 12,
  "fields": {
    "user": 1,
    "token": "f8c3044c0f56fd4c96c1d2a72f6c444a934016db",
    "created": "2020-06-13T01:27:24.364Z",
    "revoked": null
  }
},
{
  "model": "refresh_token.refreshtoken",
  "pk": 13,
  "fields": {
    "user": 1,
    "token": "c53656110eda7b4a1f5078d2c98a7d2cb5e57b43",
    "created": "2020-06-13T01:27:46.792Z",
    "revoked": null
  }
},
{
  "model": "refresh_token.refreshtoken",
  "pk": 14,
  "fields": {
    "user": 1,
    "token": "38e9fe7737210b3344357e6d5f8d755bb21f0597",
    "created": "2020-06-13T01:28:04.396Z",
    "revoked": null
  }
},
{
  "model": "refresh_token.refreshtoken",
  "pk": 15,
  "fields": {
    "user": 1,
    "token": "2a1c57995cf44cdb3bb5200ad474fcb5fdfe9726",
    "created": "2020-06-13T01:28:44.015Z",
    "revoked": null
  }
},
{
  "model": "refresh_token.refreshtoken",
  "pk": 16,
  "fields": {
    "user": 1,
    "token": "18152d7d03a78fe88e74dd29f0322342aedbabeb",
    "created": "2020-06-13T01:30:40.099Z",
    "revoked": null
  }
},
{
  "model": "refresh_token.refreshtoken",
  "pk": 17,
  "fields": {
    "user": 1,
    "token": "26ee475dd4cc0afcc4e19681a8ad5ce3c4ff982e",
    "created": "2020-06-13T01:30:52.809Z",
    "revoked": null
  }
},
{
  "model": "refresh_token.refreshtoken",
  "pk": 18,
  "fields": {
    "user": 1,
    "token": "07d341d69d93f21b48ca964d4824cf8d4e3dd068",
    "created": "2020-06-13T01:31:07.163Z",
    "revoked": null
  }
},
{
  "model": "refresh_token.refreshtoken",
  "pk": 19,
  "fields": {
    "user": 1,
    "token": "1c6c75c244fa2cf3664c2336f31fb77440e3eca6",
    "created": "2020-06-13T01:31:14.076Z",
    "revoked": null
  }
},
{
  "model": "refresh_token.refreshtoken",
  "pk": 20,
  "fields": {
    "user": 1,
    "token": "97c09880885e1a771d6045b2bc2bc443b0ce23a9",
    "created": "2020-06-13T01:31:41.313Z",
    "revoked": null
  }
},
{
  "model": "refresh_token.refreshtoken",
  "pk": 21,
  "fields": {
    "user": 1,
    "token": "b9b451bdf07ed6f6ac0c51942ba84f52f58ec5f3",
    "created": "2020-06-13T01:31:53.066Z",
    "revoked": null
  }
},
{
  "model": "refresh_token.refreshtoken",
  "pk": 22,
  "fields": {
    "user": 1,
    "token": "03ecb23ac08ceec30dc9053e863b1aa9419540ff",
    "created": "2020-06-13T01:32:17.166Z",
    "revoked": null
  }
},
{
  "model": "refresh_token.refreshtoken",
  "pk": 23,
  "fields": {
    "user": 1,
    "token": "956f90c8fc8acae0e8e3031cce52c6513cf86e8d",
    "created": "2020-06-13T01:35:00.011Z",
    "revoked": null
  }
},
{
  "model": "refresh_token.refreshtoken",
  "pk": 24,
  "fields": {
    "user": 1,
    "token": "9cb8c7b8d2b8ded6af1b9c9a6aa3ec5ed5b6a850",
    "created": "2020-06-13T01:36:31.481Z",
    "revoked": null
  }
},
{
  "model": "refresh_token.refreshtoken",
  "pk": 25,
  "fields": {
    "user": 1,
    "token": "4288bc2c88c9840992020538aebc347e55284898",
    "created": "2020-06-13T01:37:13.477Z",
    "revoked": null
  }
},
{
  "model": "refresh_token.refreshtoken",
  "pk": 26,
  "fields": {
    "user": 1,
    "token": "1e752a3ef55249efd87b0d548f8501f4a98c71f6",
    "created": "2020-06-13T01:37:46.574Z",
    "revoked": null
  }
},
{
  "model": "refresh_token.refreshtoken",
  "pk": 27,
  "fields": {
    "user": 1,
    "token": "f1fb52a95ef2d6f9a68cdd9c471fc52b1c9a5b4f",
    "created": "2020-06-13T01:39:13.285Z",
    "revoked": null
  }
},
{
  "model": "refresh_token.refreshtoken",
  "pk": 28,
  "fields": {
    "user": 1,
    "token": "2c7093c9ca22a0f35a1e29289b76cc1193d4998c",
    "created": "2020-06-13T01:39:49.695Z",
    "revoked": null
  }
},
{
  "model": "refresh_token.refreshtoken",
  "pk": 29,
  "fields": {
    "user": 1,
    "token": "da812be10e8e35f02411aa4b509302553daa32b2",
    "created": "2020-06-13T01:41:05.244Z",
    "revoked": null
  }
},
{
  "model": "refresh_token.refreshtoken",
  "pk": 30,
  "fields": {
    "user": 1,
    "token": "109c3a0085290f191b70b8d1c245d5afed87469f",
    "created": "2020-06-13T01:41:07.502Z",
    "revoked": null
  }
},
{
  "model": "refresh_token.refreshtoken",
  "pk": 31,
  "fields": {
    "user": 1,
    "token": "f7f07ce41bf2d502cf64840bdf52d1befe8726f1",
    "created": "2020-06-13T01:41:28.206Z",
    "revoked": null
  }
},
{
  "model": "refresh_token.refreshtoken",
  "pk": 32,
  "fields": {
    "user": 1,
    "token": "a66a5baa72e7ad956f41703d116786bd3ba0f065",
    "created": "2020-06-13T01:57:16.731Z",
    "revoked": null
  }
},
{
  "model": "refresh_token.refreshtoken",
  "pk": 33,
  "fields": {
    "user": 1,
    "token": "2136d688f38cd23969ae93127386de85d1e647ac",
    "created": "2020-06-13T01:57:21.233Z",
    "revoked": null
  }
},
{
  "model": "refresh_token.refreshtoken",
  "pk": 34,
  "fields": {
    "user": 1,
    "token": "6ed1ff03cf7f35ce21ffadae42edd4fcee822261",
    "created": "2020-06-13T01:57:39.924Z",
    "revoked": null
  }
},
{
  "model": "refresh_token.refreshtoken",
  "pk": 35,
  "fields": {
    "user": 1,
    "token": "cf960a049950f7f1666afaead83dde5d092f7d78",
    "created": "2020-06-13T01:57:52.846Z",
    "revoked": null
  }
},
{
  "model": "refresh_token.refreshtoken",
  "pk": 36,
  "fields": {
    "user": 1,
    "token": "5cd03d0b4255c1957eb3ed9bbba32e364aeff653",
    "created": "2020-06-13T02:07:32.005Z",
    "revoked": null
  }
},
{
  "model": "refresh_token.refreshtoken",
  "pk": 37,
  "fields": {
    "user": 1,
    "token": "403a7ad45e77fdf471918c109eb4a626d9b2129f",
    "created": "2020-06-13T02:07:36.433Z",
    "revoked": null
  }
},
{
  "model": "refresh_token.refreshtoken",
  "pk": 38,
  "fields": {
    "user": 1,
    "token": "747950c85fbec7ac6f64e37b1eab9aadeaf1af8b",
    "created": "2020-06-13T02:07:39.364Z",
    "revoked": null
  }
},
{
  "model": "refresh_token.refreshtoken",
  "pk": 39,
  "fields": {
    "user": 1,
    "token": "3fb21448fdf9e2e3968faaa64ff166118b7080b7",
    "created": "2020-06-13T02:10:35.589Z",
    "revoked": null
  }
},
{
  "model": "refresh_token.refreshtoken",
  "pk": 40,
  "fields": {
    "user": 1,
    "token": "52e5f586f500c2878952496d748b0d1435286153",
    "created": "2020-06-13T02:19:09.344Z",
    "revoked": null
  }
},
{
  "model": "refresh_token.refreshtoken",
  "pk": 41,
  "fields": {
    "user": 1,
    "token": "78e32de7def693c0b3b5de04cf80ff23c80e9e76",
    "created": "2020-06-13T02:20:35.892Z",
    "revoked": null
  }
},
{
  "model": "refresh_token.refreshtoken",
  "pk": 42,
  "fields": {
    "user": 1,
    "token": "08a8e2d024dfe7c98bc38fe6daa3bd9b5ac6de8c",
    "created": "2020-06-13T02:21:07.903Z",
    "revoked": null
  }
},
{
  "model": "refresh_token.refreshtoken",
  "pk": 43,
  "fields": {
    "user": 1,
    "token": "03e0c2b6c50a89f6cb19a86bc12b640c37185cb4",
    "created": "2020-06-13T02:21:58.107Z",
    "revoked": null
  }
},
{
  "model": "refresh_token.refreshtoken",
  "pk": 44,
  "fields": {
    "user": 1,
    "token": "fe0089993b0cfc5c3ce282f1f351053905435eea",
    "created": "2020-06-13T02:22:34.012Z",
    "revoked": null
  }
},
{
  "model": "refresh_token.refreshtoken",
  "pk": 45,
  "fields": {
    "user": 1,
    "token": "45b9c0c0122606052692e8ceb487c94470439c51",
    "created": "2020-06-13T02:23:16.939Z",
    "revoked": null
  }
},
{
  "model": "refresh_token.refreshtoken",
  "pk": 46,
  "fields": {
    "user": 1,
    "token": "9665ebe58b7fec0b155c2385dbfbb6e5f861ad1f",
    "created": "2020-06-13T02:25:57.485Z",
    "revoked": null
  }
},
{
  "model": "refresh_token.refreshtoken",
  "pk": 47,
  "fields": {
    "user": 1,
    "token": "9aa8d0547e16807fe2bbb727c99f02cc33fb0b56",
    "created": "2020-06-13T02:26:47.725Z",
    "revoked": null
  }
},
{
  "model": "refresh_token.refreshtoken",
  "pk": 48,
  "fields": {
    "user": 1,
    "token": "1ed9f5d6ba5ad36b2565be9333a01e0360309d65",
    "created": "2020-06-13T02:26:53.704Z",
    "revoked": null
  }
},
{
  "model": "refresh_token.refreshtoken",
  "pk": 49,
  "fields": {
    "user": 1,
    "token": "10b54a721f4f5ac79336a27592333dbbf6e2e989",
    "created": "2020-06-13T02:26:55.394Z",
    "revoked": null
  }
},
{
  "model": "refresh_token.refreshtoken",
  "pk": 50,
  "fields": {
    "user": 1,
    "token": "2b6f95c12165823d7952063bb559f92aa7efca92",
    "created": "2020-06-13T02:27:35.570Z",
    "revoked": null
  }
},
{
  "model": "refresh_token.refreshtoken",
  "pk": 51,
  "fields": {
    "user": 1,
    "token": "b6312dc355d8730f0bac285056af7d201c62c7fb",
    "created": "2020-06-13T02:27:37.910Z",
    "revoked": null
  }
},
{
  "model": "refresh_token.refreshtoken",
  "pk": 52,
  "fields": {
    "user": 1,
    "token": "ad710fb80b256c1de0f47539ca30d5b479d89b1b",
    "created": "2020-06-13T02:27:40.849Z",
    "revoked": null
  }
},
{
  "model": "refresh_token.refreshtoken",
  "pk": 53,
  "fields": {
    "user": 1,
    "token": "f831af2786cd63409ceb1830da031309e3b4e52f",
    "created": "2020-06-13T02:27:41.884Z",
    "revoked": null
  }
},
{
  "model": "refresh_token.refreshtoken",
  "pk": 54,
  "fields": {
    "user": 1,
    "token": "b578c4f9eb71b4af33cf2b251026335515de93f6",
    "created": "2020-06-14T09:51:19.150Z",
    "revoked": null
  }
},
{
  "model": "refresh_token.refreshtoken",
  "pk": 55,
  "fields": {
    "user": 1,
    "token": "3f77dc04fd3bf8713eb9ce642263b651855ff1d1",
    "created": "2020-06-14T10:00:39.813Z",
    "revoked": null
  }
},
{
  "model": "refresh_token.refreshtoken",
  "pk": 56,
  "fields": {
    "user": 1,
    "token": "8df0bfc9c8c7952f02f6630eace822bf512eac86",
    "created": "2020-06-14T10:01:26.173Z",
    "revoked": null
  }
},
{
  "model": "refresh_token.refreshtoken",
  "pk": 57,
  "fields": {
    "user": 4,
    "token": "84941a14fc7dd3b81ce962ecf5dc2f444ed9e0b3",
    "created": "2020-06-14T10:17:13.601Z",
    "revoked": null
  }
},
{
  "model": "refresh_token.refreshtoken",
  "pk": 58,
  "fields": {
    "user": 1,
    "token": "3603b6623df81c52bec4346e91bd79c89c76b299",
    "created": "2020-06-14T10:18:19.702Z",
    "revoked": null
  }
},
{
  "model": "refresh_token.refreshtoken",
  "pk": 59,
  "fields": {
    "user": 1,
    "token": "e9aeabcb2d5c75d91a3d308b526cbba869b23b6c",
    "created": "2020-06-14T10:18:26.945Z",
    "revoked": null
  }
},
{
  "model": "refresh_token.refreshtoken",
  "pk": 60,
  "fields": {
    "user": 5,
    "token": "d3d6ee64df1a5740ea42227191bf47114f583e27",
    "created": "2020-06-14T10:23:50.762Z",
    "revoked": null
  }
},
{
  "model": "refresh_token.refreshtoken",
  "pk": 61,
  "fields": {
    "user": 6,
    "token": "1a71dcfc1f120baf53d09db454d37e37d663e5ca",
    "created": "2020-06-14T10:23:57.618Z",
    "revoked": null
  }
},
{
  "model": "refresh_token.refreshtoken",
  "pk": 62,
  "fields": {
    "user": 7,
    "token": "64090ba62d223e57a21410f982e1786634c4f523",
    "created": "2020-06-14T10:24:03.618Z",
    "revoked": null
  }
},
{
  "model": "refresh_token.refreshtoken",
  "pk": 63,
  "fields": {
    "user": 8,
    "token": "2f32ba74f9649cdce655e08ad889e51c24e9eb5d",
    "created": "2020-06-14T10:24:09.575Z",
    "revoked": null
  }
},
{
  "model": "refresh_token.refreshtoken",
  "pk": 64,
  "fields": {
    "user": 9,
    "token": "bbb1da26db46c3820cd9b75c9c411bc5106e2d11",
    "created": "2020-06-14T10:24:14.993Z",
    "revoked": null
  }
},
{
  "model": "refresh_token.refreshtoken",
  "pk": 65,
  "fields": {
    "user": 10,
    "token": "3a1ced59da5f5dbfa762a42c0a1bdeba80222f57",
    "created": "2020-06-14T10:24:20.604Z",
    "revoked": null
  }
},
{
  "model": "refresh_token.refreshtoken",
  "pk": 66,
  "fields": {
    "user": 11,
    "token": "fb0baf061167fd4a781bbb9122a33af3107d7938",
    "created": "2020-06-14T10:24:27.215Z",
    "revoked": null
  }
},
{
  "model": "refresh_token.refreshtoken",
  "pk": 67,
  "fields": {
    "user": 12,
    "token": "557305a7d7fb6eb10882decc88558039f7bc5aa7",
    "created": "2020-06-14T10:24:32.900Z",
    "revoked": null
  }
},
{
  "model": "refresh_token.refreshtoken",
  "pk": 68,
  "fields": {
    "user": 13,
    "token": "dacecdea3835086ffc0b2c84c1e72790602e49bd",
    "created": "2020-06-14T10:24:40.405Z",
    "revoked": null
  }
},
{
  "model": "refresh_token.refreshtoken",
  "pk": 69,
  "fields": {
    "user": 1,
    "token": "da5514599f546e0d772f6a95436c7fc91292c476",
    "created": "2020-06-14T10:32:08.111Z",
    "revoked": null
  }
},
{
  "model": "refresh_token.refreshtoken",
  "pk": 70,
  "fields": {
    "user": 1,
    "token": "01d3c0bb4381fbc9247c1174c227c0f360cb8164",
    "created": "2020-06-14T10:32:11.083Z",
    "revoked": null
  }
},
{
  "model": "refresh_token.refreshtoken",
  "pk": 71,
  "fields": {
    "user": 1,
    "token": "c3f1646d08373e256261884fb9dd88d12fa77d46",
    "created": "2020-06-14T10:32:13.953Z",
    "revoked": null
  }
},
{
  "model": "refresh_token.refreshtoken",
  "pk": 72,
  "fields": {
    "user": 1,
    "token": "f4576b253d85162fd8f942087c477c23e78ca634",
    "created": "2020-06-14T10:32:15.712Z",
    "revoked": null
  }
},
{
  "model": "refresh_token.refreshtoken",
  "pk": 73,
  "fields": {
    "user": 1,
    "token": "91ebd2d57f253f31861608052a47cc90a88b4058",
    "created": "2020-06-14T10:32:24.628Z",
    "revoked": null
  }
},
{
  "model": "refresh_token.refreshtoken",
  "pk": 74,
  "fields": {
    "user": 1,
    "token": "7d46cda27e315f5a43b4723747ffbf9920745e1e",
    "created": "2020-06-14T10:32:31.588Z",
    "revoked": null
  }
},
{
  "model": "refresh_token.refreshtoken",
  "pk": 75,
  "fields": {
    "user": 1,
    "token": "36a25b863c2b38ef3d7266eda7967be7a7c10669",
    "created": "2020-06-14T10:32:35.878Z",
    "revoked": null
  }
},
{
  "model": "refresh_token.refreshtoken",
  "pk": 76,
  "fields": {
    "user": 1,
    "token": "ceae2df7f87ee5c3e45751e49f0f461a0766a7cb",
    "created": "2020-06-14T10:32:40.833Z",
    "revoked": null
  }
},
{
  "model": "refresh_token.refreshtoken",
  "pk": 77,
  "fields": {
    "user": 1,
    "token": "ef46163ed7a7ef8ecec71eb5382a81214bf7b4c2",
    "created": "2020-06-14T10:32:46.872Z",
    "revoked": null
  }
},
{
  "model": "refresh_token.refreshtoken",
  "pk": 78,
  "fields": {
    "user": 1,
    "token": "4fe4f7cbacd706ed1285a6fae45c0149d66862af",
    "created": "2020-06-14T10:33:09.210Z",
    "revoked": null
  }
},
{
  "model": "refresh_token.refreshtoken",
  "pk": 79,
  "fields": {
    "user": 1,
    "token": "3c0a7164725c172e83deddf578c9d397e86cfe0f",
    "created": "2020-06-14T10:33:11.210Z",
    "revoked": null
  }
},
{
  "model": "refresh_token.refreshtoken",
  "pk": 80,
  "fields": {
    "user": 1,
    "token": "f29231b0552d7575b0a9a4e688d91f5d66ef390a",
    "created": "2020-06-14T10:35:41.576Z",
    "revoked": null
  }
},
{
  "model": "refresh_token.refreshtoken",
  "pk": 81,
  "fields": {
    "user": 14,
    "token": "142f8b668af76ac65595fd51313d6a3c03e38c47",
    "created": "2020-06-14T10:57:20.261Z",
    "revoked": null
  }
},
{
  "model": "refresh_token.refreshtoken",
  "pk": 82,
  "fields": {
    "user": 15,
    "token": "c2ae804d0e595bb08f0a2e96412b91a40c52c857",
    "created": "2020-06-14T11:14:42.550Z",
    "revoked": null
  }
},
{
  "model": "refresh_token.refreshtoken",
  "pk": 83,
  "fields": {
    "user": 1,
    "token": "10d5c1b90a7f9765010843584c0976f5955db92c",
    "created": "2020-06-14T11:21:08.159Z",
    "revoked": null
  }
},
{
  "model": "refresh_token.refreshtoken",
  "pk": 84,
  "fields": {
    "user": 1,
    "token": "b1c00cb63e3073612363e097c1ea8a476fcc8c5f",
    "created": "2020-06-14T11:21:12.306Z",
    "revoked": null
  }
},
{
  "model": "refresh_token.refreshtoken",
  "pk": 85,
  "fields": {
    "user": 1,
    "token": "7c7294886f8f4c28a42b30e2e854943a4a4376fb",
    "created": "2020-06-14T11:21:13.339Z",
    "revoked": null
  }
},
{
  "model": "refresh_token.refreshtoken",
  "pk": 86,
  "fields": {
    "user": 1,
    "token": "ae76fa1c6e4bfefccab7f1aef26918fcd85ac8c5",
    "created": "2020-06-14T11:21:30.186Z",
    "revoked": null
  }
},
{
  "model": "refresh_token.refreshtoken",
  "pk": 87,
  "fields": {
    "user": 1,
    "token": "5ceb2dd287f619ff8ef4225899ac752585e0ea70",
    "created": "2020-06-14T11:21:31.981Z",
    "revoked": null
  }
},
{
  "model": "refresh_token.refreshtoken",
  "pk": 88,
  "fields": {
    "user": 1,
    "token": "3f3d621841fdfff0ba258c8f0eee5025006a5f48",
    "created": "2020-06-14T11:21:42.903Z",
    "revoked": null
  }
},
{
  "model": "refresh_token.refreshtoken",
  "pk": 89,
  "fields": {
    "user": 1,
    "token": "25ccc4c58ee278647cff5ef4dd25ea54ca606657",
    "created": "2020-06-14T11:21:50.930Z",
    "revoked": null
  }
},
{
  "model": "refresh_token.refreshtoken",
  "pk": 90,
  "fields": {
    "user": 1,
    "token": "a6a7f1eccea921930de36f575d747127d7bb730d",
    "created": "2020-06-14T11:21:54.236Z",
    "revoked": null
  }
},
{
  "model": "refresh_token.refreshtoken",
  "pk": 91,
  "fields": {
    "user": 1,
    "token": "48241ed341ea36dbbe6f25d2c559d7239d20a991",
    "created": "2020-06-14T11:22:02.594Z",
    "revoked": null
  }
},
{
  "model": "refresh_token.refreshtoken",
  "pk": 92,
  "fields": {
    "user": 1,
    "token": "6ae2bef0525db45eec15aef34feed9eff7e0b8e3",
    "created": "2020-06-14T11:22:49.967Z",
    "revoked": null
  }
},
{
  "model": "refresh_token.refreshtoken",
  "pk": 93,
  "fields": {
    "user": 1,
    "token": "10f03fc6363c6dd6e8d9c98141e2f45f661b191c",
    "created": "2020-06-14T11:23:09.779Z",
    "revoked": null
  }
},
{
  "model": "refresh_token.refreshtoken",
  "pk": 94,
  "fields": {
    "user": 1,
    "token": "6a7aacca87eea2a48d890e125db908ee16a33afa",
    "created": "2020-06-14T11:23:10.962Z",
    "revoked": null
  }
},
{
  "model": "refresh_token.refreshtoken",
  "pk": 95,
  "fields": {
    "user": 1,
    "token": "8c590c1d6724bb31d7cfe36ea5f855c77679ec15",
    "created": "2020-06-14T11:23:27.483Z",
    "revoked": null
  }
},
{
  "model": "refresh_token.refreshtoken",
  "pk": 96,
  "fields": {
    "user": 1,
    "token": "04579662ff34e15eb780dc790a66817b62a10ff1",
    "created": "2020-06-14T11:23:32.262Z",
    "revoked": null
  }
},
{
  "model": "refresh_token.refreshtoken",
  "pk": 97,
  "fields": {
    "user": 1,
    "token": "4da5942497936fa6624ba09412d1b0d4f0d8f888",
    "created": "2020-06-14T11:23:59.424Z",
    "revoked": null
  }
},
{
  "model": "refresh_token.refreshtoken",
  "pk": 98,
  "fields": {
    "user": 1,
    "token": "9a92147536f3eba47d10e968e022b6b74e890486",
    "created": "2020-06-14T11:24:30.034Z",
    "revoked": null
  }
},
{
  "model": "refresh_token.refreshtoken",
  "pk": 99,
  "fields": {
    "user": 1,
    "token": "ce08b232702f5fd4af86c820ab79ed1ae5d722bd",
    "created": "2020-06-14T11:24:31.352Z",
    "revoked": null
  }
},
{
  "model": "refresh_token.refreshtoken",
  "pk": 100,
  "fields": {
    "user": 1,
    "token": "0e5b72202c3eb5235fd628a28250d18e521dad19",
    "created": "2020-06-14T11:24:33.426Z",
    "revoked": null
  }
},
{
  "model": "refresh_token.refreshtoken",
  "pk": 101,
  "fields": {
    "user": 1,
    "token": "d479c4775945277676972363d68dc977817123b7",
    "created": "2020-06-14T11:25:32.814Z",
    "revoked": null
  }
},
{
  "model": "refresh_token.refreshtoken",
  "pk": 102,
  "fields": {
    "user": 1,
    "token": "7fb02a5bd1f0b27b03f8afca2c644003f9aee566",
    "created": "2020-06-14T11:25:35.951Z",
    "revoked": null
  }
},
{
  "model": "refresh_token.refreshtoken",
  "pk": 103,
  "fields": {
    "user": 1,
    "token": "3c770dd256cbb97fc2c1daf0e98c340c0b35078f",
    "created": "2020-06-14T11:25:51.580Z",
    "revoked": null
  }
},
{
  "model": "refresh_token.refreshtoken",
  "pk": 104,
  "fields": {
    "user": 1,
    "token": "67df53be6356631b09333d9bdbb8a66dcc2aecb5",
    "created": "2020-06-14T11:26:11.004Z",
    "revoked": null
  }
},
{
  "model": "refresh_token.refreshtoken",
  "pk": 105,
  "fields": {
    "user": 1,
    "token": "c4e1cc455c8bb2448629b8e210165cb80aca93f7",
    "created": "2020-06-14T11:26:11.764Z",
    "revoked": null
  }
},
{
  "model": "refresh_token.refreshtoken",
  "pk": 106,
  "fields": {
    "user": 1,
    "token": "80590f7b1e25798e713705bc2607048342f53088",
    "created": "2020-06-14T11:26:27.265Z",
    "revoked": null
  }
},
{
  "model": "refresh_token.refreshtoken",
  "pk": 107,
  "fields": {
    "user": 1,
    "token": "597953b33090e42c5be58fa4ff6043ef372e0665",
    "created": "2020-06-14T11:26:30.944Z",
    "revoked": null
  }
},
{
  "model": "refresh_token.refreshtoken",
  "pk": 108,
  "fields": {
    "user": 1,
    "token": "5179bbd421b91ad5368f091af2113e2247ec317c",
    "created": "2020-06-14T11:26:41.755Z",
    "revoked": null
  }
},
{
  "model": "refresh_token.refreshtoken",
  "pk": 109,
  "fields": {
    "user": 1,
    "token": "3063d0c0d11296f287de71c193dcacabe8a7c912",
    "created": "2020-06-14T11:26:49.368Z",
    "revoked": null
  }
},
{
  "model": "refresh_token.refreshtoken",
  "pk": 110,
  "fields": {
    "user": 1,
    "token": "b3042f6243e1af82bb638b47b00ea52af54aef9b",
    "created": "2020-06-14T11:26:53.528Z",
    "revoked": null
  }
},
{
  "model": "refresh_token.refreshtoken",
  "pk": 111,
  "fields": {
    "user": 1,
    "token": "4147cc142a64a09067c249d4b4519f75c3a7dfe8",
    "created": "2020-06-14T11:27:08.034Z",
    "revoked": null
  }
},
{
  "model": "refresh_token.refreshtoken",
  "pk": 112,
  "fields": {
    "user": 1,
    "token": "35c19a57656daddabebee4aa5e37cd7db2f085af",
    "created": "2020-06-14T11:27:11.557Z",
    "revoked": null
  }
},
{
  "model": "refresh_token.refreshtoken",
  "pk": 113,
  "fields": {
    "user": 1,
    "token": "61d17a7d357d5dfeb0704450ba99f98f74cc21f7",
    "created": "2020-06-14T11:27:12.319Z",
    "revoked": null
  }
},
{
  "model": "refresh_token.refreshtoken",
  "pk": 114,
  "fields": {
    "user": 1,
    "token": "b2b26b1ca8a4ff59b52203312e0430e0a3a17d3c",
    "created": "2020-06-14T11:27:19.334Z",
    "revoked": null
  }
},
{
  "model": "refresh_token.refreshtoken",
  "pk": 115,
  "fields": {
    "user": 1,
    "token": "7d9e6314cc241c72aa632406af4a03f1ec7350ea",
    "created": "2020-06-14T11:27:20.535Z",
    "revoked": null
  }
},
{
  "model": "refresh_token.refreshtoken",
  "pk": 116,
  "fields": {
    "user": 1,
    "token": "9c7d3081f7ba73d3dac9624956e96779cf9d4b61",
    "created": "2020-06-14T11:27:28.592Z",
    "revoked": null
  }
},
{
  "model": "refresh_token.refreshtoken",
  "pk": 117,
  "fields": {
    "user": 1,
    "token": "6f24a23f0db07eb38989fb5eb7d891b577b07923",
    "created": "2020-06-14T11:27:45.817Z",
    "revoked": null
  }
},
{
  "model": "refresh_token.refreshtoken",
  "pk": 118,
  "fields": {
    "user": 1,
    "token": "754b95119edbe1f30621636b94112ab74d27ef19",
    "created": "2020-06-14T11:28:02.949Z",
    "revoked": null
  }
},
{
  "model": "refresh_token.refreshtoken",
  "pk": 119,
  "fields": {
    "user": 1,
    "token": "29d4d0f1d950569f88c5ffc033c4d4c1c5b9d74c",
    "created": "2020-06-14T11:28:16.362Z",
    "revoked": null
  }
},
{
  "model": "refresh_token.refreshtoken",
  "pk": 120,
  "fields": {
    "user": 1,
    "token": "3b06d05b6357da1eceea2c84da3b5f768c28f753",
    "created": "2020-06-14T11:28:17.476Z",
    "revoked": null
  }
},
{
  "model": "refresh_token.refreshtoken",
  "pk": 121,
  "fields": {
    "user": 1,
    "token": "0ee5e7a4d8d2f5de22881140b4ffe49578a1ebee",
    "created": "2020-06-14T11:28:25.954Z",
    "revoked": null
  }
},
{
  "model": "refresh_token.refreshtoken",
  "pk": 122,
  "fields": {
    "user": 1,
    "token": "e5c121e21ddc2da54cb8876a77e62be0069ba2d9",
    "created": "2020-06-14T11:28:31.954Z",
    "revoked": null
  }
},
{
  "model": "refresh_token.refreshtoken",
  "pk": 123,
  "fields": {
    "user": 1,
    "token": "bda24873fdfad90f4ceb11b1bded7ede7026cb47",
    "created": "2020-06-14T11:28:47.275Z",
    "revoked": null
  }
},
{
  "model": "refresh_token.refreshtoken",
  "pk": 124,
  "fields": {
    "user": 1,
    "token": "89313d03386ff21b2a5358f548459e6cd85343da",
    "created": "2020-06-14T11:28:52.437Z",
    "revoked": null
  }
},
{
  "model": "refresh_token.refreshtoken",
  "pk": 125,
  "fields": {
    "user": 1,
    "token": "3871f3f28f8e60c0dff1569dd5cdabab0027a5f7",
    "created": "2020-06-14T11:28:59.499Z",
    "revoked": null
  }
},
{
  "model": "refresh_token.refreshtoken",
  "pk": 126,
  "fields": {
    "user": 1,
    "token": "a8a9af22e62a81f49940e2d3aaae2775ff6e9000",
    "created": "2020-06-14T11:29:04.468Z",
    "revoked": null
  }
},
{
  "model": "refresh_token.refreshtoken",
  "pk": 127,
  "fields": {
    "user": 1,
    "token": "353b3b19073d97033c598e28cc633f25350629d6",
    "created": "2020-06-14T11:29:05.917Z",
    "revoked": null
  }
},
{
  "model": "refresh_token.refreshtoken",
  "pk": 128,
  "fields": {
    "user": 1,
    "token": "4879a36b1a9edbeeb00d562a5dcee09951f5ce0e",
    "created": "2020-06-14T11:29:06.839Z",
    "revoked": null
  }
},
{
  "model": "refresh_token.refreshtoken",
  "pk": 129,
  "fields": {
    "user": 1,
    "token": "d40b41cf2492a11b1dc2085fade176924faa37b7",
    "created": "2020-06-14T11:29:12.031Z",
    "revoked": null
  }
},
{
  "model": "refresh_token.refreshtoken",
  "pk": 130,
  "fields": {
    "user": 1,
    "token": "e69244b929c5f4358c2deb66f5a1d49035941fdf",
    "created": "2020-06-14T11:29:35.585Z",
    "revoked": null
  }
},
{
  "model": "refresh_token.refreshtoken",
  "pk": 131,
  "fields": {
    "user": 1,
    "token": "7aed25d6e7964ad155789d499bad7d888b32d753",
    "created": "2020-06-14T11:29:41.402Z",
    "revoked": null
  }
},
{
  "model": "refresh_token.refreshtoken",
  "pk": 132,
  "fields": {
    "user": 1,
    "token": "1cc667e30264677e684bedbbfa151876f617d412",
    "created": "2020-06-14T11:29:45.329Z",
    "revoked": null
  }
},
{
  "model": "refresh_token.refreshtoken",
  "pk": 133,
  "fields": {
    "user": 1,
    "token": "6a1d6ea7a958a01bf573139fa5e7e7cc3405be26",
    "created": "2020-06-14T11:30:31.032Z",
    "revoked": null
  }
},
{
  "model": "refresh_token.refreshtoken",
  "pk": 134,
  "fields": {
    "user": 1,
    "token": "4f8237813acbcbd28b55ff112adc364a0450fc5f",
    "created": "2020-06-14T11:32:05.339Z",
    "revoked": null
  }
},
{
  "model": "refresh_token.refreshtoken",
  "pk": 135,
  "fields": {
    "user": 1,
    "token": "7baf0569507cf69ca7eca084641cb17e74b84db9",
    "created": "2020-06-14T11:32:19.121Z",
    "revoked": null
  }
},
{
  "model": "refresh_token.refreshtoken",
  "pk": 136,
  "fields": {
    "user": 1,
    "token": "dda31458e49da0be776c257fbb2b3762e7111736",
    "created": "2020-06-14T11:32:54.171Z",
    "revoked": null
  }
},
{
  "model": "refresh_token.refreshtoken",
  "pk": 137,
  "fields": {
    "user": 1,
    "token": "06a467207beb647396595d22269e9762296e0129",
    "created": "2020-06-14T11:33:22.736Z",
    "revoked": null
  }
},
{
  "model": "graphql_auth.userstatus",
  "pk": 1,
  "fields": {
    "user": 1,
    "verified": true,
    "archived": false,
    "secondary_email": null
  }
},
{
  "model": "graphql_auth.userstatus",
  "pk": 4,
  "fields": {
    "user": 4,
    "verified": true,
    "archived": false,
    "secondary_email": null
  }
},
{
  "model": "graphql_auth.userstatus",
  "pk": 5,
  "fields": {
    "user": 5,
    "verified": false,
    "archived": false,
    "secondary_email": null
  }
},
{
  "model": "graphql_auth.userstatus",
  "pk": 6,
  "fields": {
    "user": 6,
    "verified": false,
    "archived": false,
    "secondary_email": null
  }
},
{
  "model": "graphql_auth.userstatus",
  "pk": 7,
  "fields": {
    "user": 7,
    "verified": false,
    "archived": false,
    "secondary_email": null
  }
},
{
  "model": "graphql_auth.userstatus",
  "pk": 8,
  "fields": {
    "user": 8,
    "verified": false,
    "archived": false,
    "secondary_email": null
  }
},
{
  "model": "graphql_auth.userstatus",
  "pk": 9,
  "fields": {
    "user": 9,
    "verified": false,
    "archived": false,
    "secondary_email": null
  }
},
{
  "model": "graphql_auth.userstatus",
  "pk": 10,
  "fields": {
    "user": 10,
    "verified": false,
    "archived": false,
    "secondary_email": null
  }
},
{
  "model": "graphql_auth.userstatus",
  "pk": 11,
  "fields": {
    "user": 11,
    "verified": false,
    "archived": false,
    "secondary_email": null
  }
},
{
  "model": "graphql_auth.userstatus",
  "pk": 12,
  "fields": {
    "user": 12,
    "verified": false,
    "archived": false,
    "secondary_email": null
  }
},
{
  "model": "graphql_auth.userstatus",
  "pk": 13,
  "fields": {
    "user": 13,
    "verified": false,
    "archived": false,
    "secondary_email": null
  }
},
{
  "model": "graphql_auth.userstatus",
  "pk": 14,
  "fields": {
    "user": 14,
    "verified": true,
    "archived": false,
    "secondary_email": null
  }
},
{
  "model": "graphql_auth.userstatus",
  "pk": 15,
  "fields": {
    "user": 15,
    "verified": false,
    "archived": false,
    "secondary_email": null
  }
},
{
  "model": "admin.logentry",
  "pk": 3,
  "fields": {
    "action_time": "2020-06-14T10:19:07.149Z",
    "user": 1,
    "content_type": 8,
    "object_id": "2",
    "object_repr": "z1",
    "action_flag": 3,
    "change_message": ""
  }
},
{
  "model": "admin.logentry",
  "pk": 4,
  "fields": {
    "action_time": "2020-06-14T10:37:29.257Z",
    "user": 1,
    "content_type": 8,
    "object_id": "4",
    "object_repr": "test2",
    "action_flag": 2,
    "change_message": "[{\"changed\": {\"fields\": [\"Staff status\"]}}]"
  }
},
{
  "model": "admin.logentry",
  "pk": 5,
  "fields": {
    "action_time": "2020-06-14T10:37:51.483Z",
    "user": 1,
    "content_type": 8,
    "object_id": "4",
    "object_repr": "test2",
    "action_flag": 2,
    "change_message": "[{\"changed\": {\"fields\": [\"Staff status\"]}}]"
  }
},
{
  "model": "admin.logentry",
  "pk": 6,
  "fields": {
    "action_time": "2020-06-14T11:19:59.421Z",
    "user": 1,
    "content_type": 9,
    "object_id": "7",
    "object_repr": "REQUEST FROM test7 TO FOLLOW manolo IN STATUS 1",
    "action_flag": 1,
    "change_message": "[{\"added\": {}}]"
  }
},
{
  "model": "admin.logentry",
  "pk": 7,
  "fields": {
    "action_time": "2020-06-14T11:20:10.769Z",
    "user": 1,
    "content_type": 9,
    "object_id": "8",
    "object_repr": "REQUEST FROM test8 TO FOLLOW manolo IN STATUS 1",
    "action_flag": 1,
    "change_message": "[{\"added\": {}}]"
  }
},
{
  "model": "admin.logentry",
  "pk": 8,
  "fields": {
    "action_time": "2020-06-14T11:20:20.828Z",
    "user": 1,
    "content_type": 9,
    "object_id": "9",
    "object_repr": "REQUEST FROM test9 TO FOLLOW manolo IN STATUS 2",
    "action_flag": 1,
    "change_message": "[{\"added\": {}}]"
  }
},
{
  "model": "admin.logentry",
  "pk": 9,
  "fields": {
    "action_time": "2020-06-14T11:20:28.021Z",
    "user": 1,
    "content_type": 9,
    "object_id": "10",
    "object_repr": "REQUEST FROM test10 TO FOLLOW manolo IN STATUS 3",
    "action_flag": 1,
    "change_message": "[{\"added\": {}}]"
  }
},
{
  "model": "admin.logentry",
  "pk": 10,
  "fields": {
    "action_time": "2020-06-14T11:20:36.912Z",
    "user": 1,
    "content_type": 9,
    "object_id": "11",
    "object_repr": "REQUEST FROM test11 TO FOLLOW manolo IN STATUS 2",
    "action_flag": 1,
    "change_message": "[{\"added\": {}}]"
  }
},
{
  "model": "admin.logentry",
  "pk": 11,
  "fields": {
    "action_time": "2020-06-14T11:20:44.263Z",
    "user": 1,
    "content_type": 9,
    "object_id": "12",
    "object_repr": "REQUEST FROM test12 TO FOLLOW manolo IN STATUS 3",
    "action_flag": 1,
    "change_message": "[{\"added\": {}}]"
  }
},
{
  "model": "admin.logentry",
  "pk": 12,
  "fields": {
    "action_time": "2020-06-14T11:25:08.281Z",
    "user": 1,
    "content_type": 9,
    "object_id": "5",
    "object_repr": "REQUEST FROM manolo TO FOLLOW test5 IN STATUS 2",
    "action_flag": 2,
    "change_message": "[{\"changed\": {\"fields\": [\"Status\"]}}]"
  }
},
{
  "model": "admin.logentry",
  "pk": 13,
  "fields": {
    "action_time": "2020-06-14T11:25:16.156Z",
    "user": 1,
    "content_type": 9,
    "object_id": "4",
    "object_repr": "REQUEST FROM manolo TO FOLLOW test4 IN STATUS 2",
    "action_flag": 2,
    "change_message": "[{\"changed\": {\"fields\": [\"Status\"]}}]"
  }
},
{
  "model": "admin.logentry",
  "pk": 14,
  "fields": {
    "action_time": "2020-06-14T11:25:23.827Z",
    "user": 1,
    "content_type": 9,
    "object_id": "3",
    "object_repr": "REQUEST FROM manolo TO FOLLOW test3 IN STATUS 2",
    "action_flag": 2,
    "change_message": "[{\"changed\": {\"fields\": [\"Status\"]}}]"
  }
},
{
  "model": "admin.logentry",
  "pk": 15,
  "fields": {
    "action_time": "2020-06-14T11:25:29.371Z",
    "user": 1,
    "content_type": 9,
    "object_id": "2",
    "object_repr": "REQUEST FROM manolo TO FOLLOW test1 IN STATUS 2",
    "action_flag": 2,
    "change_message": "[{\"changed\": {\"fields\": [\"Status\"]}}]"
  }
},
{
  "model": "admin.logentry",
  "pk": 16,
  "fields": {
    "action_time": "2020-06-14T11:26:24.541Z",
    "user": 1,
    "content_type": 9,
    "object_id": "10",
    "object_repr": "REQUEST FROM test10 TO FOLLOW manolo IN STATUS 1",
    "action_flag": 2,
    "change_message": "[{\"changed\": {\"fields\": [\"Status\"]}}]"
  }
},
{
  "model": "admin.logentry",
  "pk": 17,
  "fields": {
    "action_time": "2020-06-14T11:31:09.073Z",
    "user": 1,
    "content_type": 10,
    "object_id": "5",
    "object_repr": "This is the fourth idea (3)",
    "action_flag": 1,
    "change_message": "[{\"added\": {}}]"
  }
},
{
  "model": "admin.logentry",
  "pk": 18,
  "fields": {
    "action_time": "2020-06-14T11:31:28.066Z",
    "user": 1,
    "content_type": 10,
    "object_id": "6",
    "object_repr": "This is the fith idea (2)",
    "action_flag": 1,
    "change_message": "[{\"added\": {}}]"
  }
},
{
  "model": "admin.logentry",
  "pk": 19,
  "fields": {
    "action_time": "2020-06-14T11:31:47.909Z",
    "user": 1,
    "content_type": 10,
    "object_id": "7",
    "object_repr": "This is the sith idea (1)",
    "action_flag": 1,
    "change_message": "[{\"added\": {}}]"
  }
},
{
  "model": "admin.logentry",
  "pk": 20,
  "fields": {
    "action_time": "2020-06-14T11:31:58.934Z",
    "user": 1,
    "content_type": 10,
    "object_id": "8",
    "object_repr": "This is the last idea (1)",
    "action_flag": 1,
    "change_message": "[{\"added\": {}}]"
  }
}
]
